{
  "service": {
    "service": "auth-server",
    "serviceObject": {
      "name": "auth-server"
    },
    "provider": {
      "name": "aws",
      "runtime": "nodejs12.x",
      "region": "eu-central-1",
      "timeout": 60,
      "environment": {
        "CLIENT_ID": "359419108033-81qgfquv194lc71o3c6edqp4m78j0rgp.apps.googleusercontent.com",
        "CLIENT_SECRET": "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",
        "PROJECT_ID": "meet-app-377112",
        "CALENDAR_ID": "fullstackwebdev@careerfoundry.com"
      },
      "stage": "dev",
      "versionFunctions": true,
      "compiledCloudFormationTemplate": {
        "AWSTemplateFormatVersion": "2010-09-09",
        "Description": "The AWS CloudFormation template for this Serverless application",
        "Resources": {
          "ServerlessDeploymentBucket": {
            "Type": "AWS::S3::Bucket",
            "Properties": {
              "BucketEncryption": {
                "ServerSideEncryptionConfiguration": [
                  {
                    "ServerSideEncryptionByDefault": {
                      "SSEAlgorithm": "AES256"
                    }
                  }
                ]
              }
            }
          },
          "ServerlessDeploymentBucketPolicy": {
            "Type": "AWS::S3::BucketPolicy",
            "Properties": {
              "Bucket": {
                "Ref": "ServerlessDeploymentBucket"
              },
              "PolicyDocument": {
                "Statement": [
                  {
                    "Action": "s3:*",
                    "Effect": "Deny",
                    "Principal": "*",
                    "Resource": [
                      {
                        "Fn::Join": [
                          "",
                          [
                            "arn:",
                            {
                              "Ref": "AWS::Partition"
                            },
                            ":s3:::",
                            {
                              "Ref": "ServerlessDeploymentBucket"
                            },
                            "/*"
                          ]
                        ]
                      },
                      {
                        "Fn::Join": [
                          "",
                          [
                            "arn:",
                            {
                              "Ref": "AWS::Partition"
                            },
                            ":s3:::",
                            {
                              "Ref": "ServerlessDeploymentBucket"
                            }
                          ]
                        ]
                      }
                    ],
                    "Condition": {
                      "Bool": {
                        "aws:SecureTransport": false
                      }
                    }
                  }
                ]
              }
            }
          },
          "GetAuthURLLogGroup": {
            "Type": "AWS::Logs::LogGroup",
            "Properties": {
              "LogGroupName": "/aws/lambda/auth-server-dev-getAuthURL"
            }
          },
          "GetAccessTokenLogGroup": {
            "Type": "AWS::Logs::LogGroup",
            "Properties": {
              "LogGroupName": "/aws/lambda/auth-server-dev-getAccessToken"
            }
          },
          "IamRoleLambdaExecution": {
            "Type": "AWS::IAM::Role",
            "Properties": {
              "AssumeRolePolicyDocument": {
                "Version": "2012-10-17",
                "Statement": [
                  {
                    "Effect": "Allow",
                    "Principal": {
                      "Service": [
                        "lambda.amazonaws.com"
                      ]
                    },
                    "Action": [
                      "sts:AssumeRole"
                    ]
                  }
                ]
              },
              "Policies": [
                {
                  "PolicyName": {
                    "Fn::Join": [
                      "-",
                      [
                        "auth-server",
                        "dev",
                        "lambda"
                      ]
                    ]
                  },
                  "PolicyDocument": {
                    "Version": "2012-10-17",
                    "Statement": [
                      {
                        "Effect": "Allow",
                        "Action": [
                          "logs:CreateLogStream",
                          "logs:CreateLogGroup"
                        ],
                        "Resource": [
                          {
                            "Fn::Sub": "arn:${AWS::Partition}:logs:${AWS::Region}:${AWS::AccountId}:log-group:/aws/lambda/auth-server-dev*:*"
                          }
                        ]
                      },
                      {
                        "Effect": "Allow",
                        "Action": [
                          "logs:PutLogEvents"
                        ],
                        "Resource": [
                          {
                            "Fn::Sub": "arn:${AWS::Partition}:logs:${AWS::Region}:${AWS::AccountId}:log-group:/aws/lambda/auth-server-dev*:*:*"
                          }
                        ]
                      }
                    ]
                  }
                }
              ],
              "Path": "/",
              "RoleName": {
                "Fn::Join": [
                  "-",
                  [
                    "auth-server",
                    "dev",
                    {
                      "Ref": "AWS::Region"
                    },
                    "lambdaRole"
                  ]
                ]
              }
            }
          },
          "GetAuthURLLambdaFunction": {
            "Type": "AWS::Lambda::Function",
            "Properties": {
              "Code": {
                "S3Bucket": {
                  "Ref": "ServerlessDeploymentBucket"
                },
                "S3Key": "serverless/auth-server/dev/1675873726606-2023-02-08T16:28:46.606Z/auth-server.zip"
              },
              "Handler": "handler.getAuthURL",
              "Runtime": "nodejs12.x",
              "FunctionName": "auth-server-dev-getAuthURL",
              "MemorySize": 1024,
              "Timeout": 60,
              "Environment": {
                "Variables": {
                  "CLIENT_ID": "359419108033-81qgfquv194lc71o3c6edqp4m78j0rgp.apps.googleusercontent.com",
                  "CLIENT_SECRET": "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",
                  "PROJECT_ID": "meet-app-377112",
                  "CALENDAR_ID": "fullstackwebdev@careerfoundry.com"
                }
              },
              "Role": {
                "Fn::GetAtt": [
                  "IamRoleLambdaExecution",
                  "Arn"
                ]
              }
            },
            "DependsOn": [
              "GetAuthURLLogGroup"
            ]
          },
          "GetAccessTokenLambdaFunction": {
            "Type": "AWS::Lambda::Function",
            "Properties": {
              "Code": {
                "S3Bucket": {
                  "Ref": "ServerlessDeploymentBucket"
                },
                "S3Key": "serverless/auth-server/dev/1675873726606-2023-02-08T16:28:46.606Z/auth-server.zip"
              },
              "Handler": "handler.getAccessToken",
              "Runtime": "nodejs12.x",
              "FunctionName": "auth-server-dev-getAccessToken",
              "MemorySize": 1024,
              "Timeout": 60,
              "Environment": {
                "Variables": {
                  "CLIENT_ID": "359419108033-81qgfquv194lc71o3c6edqp4m78j0rgp.apps.googleusercontent.com",
                  "CLIENT_SECRET": "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",
                  "PROJECT_ID": "meet-app-377112",
                  "CALENDAR_ID": "fullstackwebdev@careerfoundry.com"
                }
              },
              "Role": {
                "Fn::GetAtt": [
                  "IamRoleLambdaExecution",
                  "Arn"
                ]
              }
            },
            "DependsOn": [
              "GetAccessTokenLogGroup"
            ]
          },
          "GetAuthURLLambdaVersionTtlATXiQZ3Hy4kApJzhwhzDJTqSfjjd0rMHt69occ": {
            "Type": "AWS::Lambda::Version",
            "DeletionPolicy": "Retain",
            "Properties": {
              "FunctionName": {
                "Ref": "GetAuthURLLambdaFunction"
              },
              "CodeSha256": "mQnJPTkVT3KUjVb9dNoa5fvi5+LlX3ZDm2MQGIUO/Vg="
            }
          },
          "GetAccessTokenLambdaVersionXsZQo4ULzxeyLu2zn2Nw2Yv2ovNAZy7mFXAARDug": {
            "Type": "AWS::Lambda::Version",
            "DeletionPolicy": "Retain",
            "Properties": {
              "FunctionName": {
                "Ref": "GetAccessTokenLambdaFunction"
              },
              "CodeSha256": "mQnJPTkVT3KUjVb9dNoa5fvi5+LlX3ZDm2MQGIUO/Vg="
            }
          },
          "ApiGatewayRestApi": {
            "Type": "AWS::ApiGateway::RestApi",
            "Properties": {
              "Name": "dev-auth-server",
              "EndpointConfiguration": {
                "Types": [
                  "EDGE"
                ]
              },
              "Policy": ""
            }
          },
          "ApiGatewayResourceApi": {
            "Type": "AWS::ApiGateway::Resource",
            "Properties": {
              "ParentId": {
                "Fn::GetAtt": [
                  "ApiGatewayRestApi",
                  "RootResourceId"
                ]
              },
              "PathPart": "api",
              "RestApiId": {
                "Ref": "ApiGatewayRestApi"
              }
            }
          },
          "ApiGatewayResourceApiGetDashauthDashurl": {
            "Type": "AWS::ApiGateway::Resource",
            "Properties": {
              "ParentId": {
                "Ref": "ApiGatewayResourceApi"
              },
              "PathPart": "get-auth-url",
              "RestApiId": {
                "Ref": "ApiGatewayRestApi"
              }
            }
          },
          "ApiGatewayResourceApiToken": {
            "Type": "AWS::ApiGateway::Resource",
            "Properties": {
              "ParentId": {
                "Ref": "ApiGatewayResourceApi"
              },
              "PathPart": "token",
              "RestApiId": {
                "Ref": "ApiGatewayRestApi"
              }
            }
          },
          "ApiGatewayResourceApiTokenCodeVar": {
            "Type": "AWS::ApiGateway::Resource",
            "Properties": {
              "ParentId": {
                "Ref": "ApiGatewayResourceApiToken"
              },
              "PathPart": "{code}",
              "RestApiId": {
                "Ref": "ApiGatewayRestApi"
              }
            }
          },
          "ApiGatewayMethodApiGetDashauthDashurlGet": {
            "Type": "AWS::ApiGateway::Method",
            "Properties": {
              "HttpMethod": "GET",
              "RequestParameters": {},
              "ResourceId": {
                "Ref": "ApiGatewayResourceApiGetDashauthDashurl"
              },
              "RestApiId": {
                "Ref": "ApiGatewayRestApi"
              },
              "ApiKeyRequired": false,
              "AuthorizationType": "NONE",
              "Integration": {
                "IntegrationHttpMethod": "POST",
                "Type": "AWS_PROXY",
                "Uri": {
                  "Fn::Join": [
                    "",
                    [
                      "arn:",
                      {
                        "Ref": "AWS::Partition"
                      },
                      ":apigateway:",
                      {
                        "Ref": "AWS::Region"
                      },
                      ":lambda:path/2015-03-31/functions/",
                      {
                        "Fn::GetAtt": [
                          "GetAuthURLLambdaFunction",
                          "Arn"
                        ]
                      },
                      "/invocations"
                    ]
                  ]
                }
              },
              "MethodResponses": []
            },
            "DependsOn": [
              "GetAuthURLLambdaPermissionApiGateway"
            ]
          },
          "ApiGatewayMethodApiTokenCodeVarGet": {
            "Type": "AWS::ApiGateway::Method",
            "Properties": {
              "HttpMethod": "GET",
              "RequestParameters": {},
              "ResourceId": {
                "Ref": "ApiGatewayResourceApiTokenCodeVar"
              },
              "RestApiId": {
                "Ref": "ApiGatewayRestApi"
              },
              "ApiKeyRequired": false,
              "AuthorizationType": "NONE",
              "Integration": {
                "IntegrationHttpMethod": "POST",
                "Type": "AWS_PROXY",
                "Uri": {
                  "Fn::Join": [
                    "",
                    [
                      "arn:",
                      {
                        "Ref": "AWS::Partition"
                      },
                      ":apigateway:",
                      {
                        "Ref": "AWS::Region"
                      },
                      ":lambda:path/2015-03-31/functions/",
                      {
                        "Fn::GetAtt": [
                          "GetAccessTokenLambdaFunction",
                          "Arn"
                        ]
                      },
                      "/invocations"
                    ]
                  ]
                }
              },
              "MethodResponses": []
            },
            "DependsOn": [
              "GetAccessTokenLambdaPermissionApiGateway"
            ]
          },
          "ApiGatewayDeployment1675873691994": {
            "Type": "AWS::ApiGateway::Deployment",
            "Properties": {
              "RestApiId": {
                "Ref": "ApiGatewayRestApi"
              },
              "StageName": "dev"
            },
            "DependsOn": [
              "ApiGatewayMethodApiGetDashauthDashurlGet",
              "ApiGatewayMethodApiTokenCodeVarGet"
            ]
          },
          "GetAuthURLLambdaPermissionApiGateway": {
            "Type": "AWS::Lambda::Permission",
            "Properties": {
              "FunctionName": {
                "Fn::GetAtt": [
                  "GetAuthURLLambdaFunction",
                  "Arn"
                ]
              },
              "Action": "lambda:InvokeFunction",
              "Principal": "apigateway.amazonaws.com",
              "SourceArn": {
                "Fn::Join": [
                  "",
                  [
                    "arn:",
                    {
                      "Ref": "AWS::Partition"
                    },
                    ":execute-api:",
                    {
                      "Ref": "AWS::Region"
                    },
                    ":",
                    {
                      "Ref": "AWS::AccountId"
                    },
                    ":",
                    {
                      "Ref": "ApiGatewayRestApi"
                    },
                    "/*/*"
                  ]
                ]
              }
            }
          },
          "GetAccessTokenLambdaPermissionApiGateway": {
            "Type": "AWS::Lambda::Permission",
            "Properties": {
              "FunctionName": {
                "Fn::GetAtt": [
                  "GetAccessTokenLambdaFunction",
                  "Arn"
                ]
              },
              "Action": "lambda:InvokeFunction",
              "Principal": "apigateway.amazonaws.com",
              "SourceArn": {
                "Fn::Join": [
                  "",
                  [
                    "arn:",
                    {
                      "Ref": "AWS::Partition"
                    },
                    ":execute-api:",
                    {
                      "Ref": "AWS::Region"
                    },
                    ":",
                    {
                      "Ref": "AWS::AccountId"
                    },
                    ":",
                    {
                      "Ref": "ApiGatewayRestApi"
                    },
                    "/*/*"
                  ]
                ]
              }
            }
          }
        },
        "Outputs": {
          "ServerlessDeploymentBucketName": {
            "Value": {
              "Ref": "ServerlessDeploymentBucket"
            },
            "Export": {
              "Name": "sls-auth-server-dev-ServerlessDeploymentBucketName"
            }
          },
          "GetAuthURLLambdaFunctionQualifiedArn": {
            "Description": "Current Lambda function version",
            "Value": {
              "Ref": "GetAuthURLLambdaVersionTtlATXiQZ3Hy4kApJzhwhzDJTqSfjjd0rMHt69occ"
            },
            "Export": {
              "Name": "sls-auth-server-dev-GetAuthURLLambdaFunctionQualifiedArn"
            }
          },
          "GetAccessTokenLambdaFunctionQualifiedArn": {
            "Description": "Current Lambda function version",
            "Value": {
              "Ref": "GetAccessTokenLambdaVersionXsZQo4ULzxeyLu2zn2Nw2Yv2ovNAZy7mFXAARDug"
            },
            "Export": {
              "Name": "sls-auth-server-dev-GetAccessTokenLambdaFunctionQualifiedArn"
            }
          },
          "ServiceEndpoint": {
            "Description": "URL of the service endpoint",
            "Value": {
              "Fn::Join": [
                "",
                [
                  "https://",
                  {
                    "Ref": "ApiGatewayRestApi"
                  },
                  ".execute-api.",
                  {
                    "Ref": "AWS::Region"
                  },
                  ".",
                  {
                    "Ref": "AWS::URLSuffix"
                  },
                  "/dev"
                ]
              ]
            },
            "Export": {
              "Name": "sls-auth-server-dev-ServiceEndpoint"
            }
          }
        }
      },
      "coreCloudFormationTemplate": {
        "AWSTemplateFormatVersion": "2010-09-09",
        "Description": "The AWS CloudFormation template for this Serverless application",
        "Resources": {
          "ServerlessDeploymentBucket": {
            "Type": "AWS::S3::Bucket",
            "Properties": {
              "BucketEncryption": {
                "ServerSideEncryptionConfiguration": [
                  {
                    "ServerSideEncryptionByDefault": {
                      "SSEAlgorithm": "AES256"
                    }
                  }
                ]
              }
            }
          },
          "ServerlessDeploymentBucketPolicy": {
            "Type": "AWS::S3::BucketPolicy",
            "Properties": {
              "Bucket": {
                "Ref": "ServerlessDeploymentBucket"
              },
              "PolicyDocument": {
                "Statement": [
                  {
                    "Action": "s3:*",
                    "Effect": "Deny",
                    "Principal": "*",
                    "Resource": [
                      {
                        "Fn::Join": [
                          "",
                          [
                            "arn:",
                            {
                              "Ref": "AWS::Partition"
                            },
                            ":s3:::",
                            {
                              "Ref": "ServerlessDeploymentBucket"
                            },
                            "/*"
                          ]
                        ]
                      },
                      {
                        "Fn::Join": [
                          "",
                          [
                            "arn:",
                            {
                              "Ref": "AWS::Partition"
                            },
                            ":s3:::",
                            {
                              "Ref": "ServerlessDeploymentBucket"
                            }
                          ]
                        ]
                      }
                    ],
                    "Condition": {
                      "Bool": {
                        "aws:SecureTransport": false
                      }
                    }
                  }
                ]
              }
            }
          }
        },
        "Outputs": {
          "ServerlessDeploymentBucketName": {
            "Value": {
              "Ref": "ServerlessDeploymentBucket"
            }
          }
        }
      },
      "vpc": {}
    },
    "pluginsData": {},
    "functions": {
      "getAuthURL": {
        "handler": "handler.getAuthURL",
        "events": [
          {
            "http": {
              "path": "api/get-auth-url",
              "method": "get",
              "integration": "AWS_PROXY"
            }
          }
        ],
        "name": "auth-server-dev-getAuthURL",
        "package": {},
        "memory": 1024,
        "timeout": 60,
        "runtime": "nodejs12.x",
        "vpc": {},
        "versionLogicalId": "GetAuthURLLambdaVersionTtlATXiQZ3Hy4kApJzhwhzDJTqSfjjd0rMHt69occ"
      },
      "getAccessToken": {
        "handler": "handler.getAccessToken",
        "events": [
          {
            "http": {
              "path": "api/token/{code}",
              "method": "get",
              "integration": "AWS_PROXY"
            }
          }
        ],
        "name": "auth-server-dev-getAccessToken",
        "package": {},
        "memory": 1024,
        "timeout": 60,
        "runtime": "nodejs12.x",
        "vpc": {},
        "versionLogicalId": "GetAccessTokenLambdaVersionXsZQo4ULzxeyLu2zn2Nw2Yv2ovNAZy7mFXAARDug"
      }
    },
    "configValidationMode": "warn",
    "serviceFilename": "serverless.yml",
    "initialServerlessConfig": {
      "service": "auth-server",
      "frameworkVersion": "3",
      "provider": {
        "$ref": "$[\"service\"][\"provider\"]"
      },
      "functions": {
        "$ref": "$[\"service\"][\"functions\"]"
      }
    },
    "layers": {},
    "isDashboardMonitoringPreconfigured": false,
    "artifact": "D:\\Coding\\CF_course\\meet\\auth-server\\.serverless\\auth-server.zip"
  },
  "package": {
    "artifactDirectoryName": "serverless/auth-server/dev/1675873726606-2023-02-08T16:28:46.606Z",
    "artifact": "auth-server.zip"
  }
}